"66.060.01.061,"
[TueriTBnird_T4]
[TndTTCTnudT_C2]
"10.100.20.250,"
"55.525.15.525,"
[DddddDddbdd_d6]
[reTTiAiuTdi_u3]
"22.222.20.252,"
UU0j6CUC141061:
[dDidddDhhhh_u8]
[TrAAArArAre_T2]
UU1C6jjC014661:
[Thunderbird_A7]
[Tirriiiiirr_e3]
[Thunderbird_A8]
[bnTbnduinbr_r8]
[Thunderbird_B1]
[dDbdddbdDdD_d6]
"25.511.55.555,"
"21.502.20.552,"
[eubihederhb_i6]
[Thunderbird_B4]
(root)
1455]:
[Thunderbird_B2]
[TTCdTTdiddT_T1]
[inTTnnnnnTn_T8]
"ttoo,"
"10.100.16.250,"
[uhThdThueeh_h1]
[dnnbrndinbn_d5]
"22.100.22.502,"
1555]:
[hddniTrrrib_e5]
(oror)
"50.022.21.000,"
[hbrbhbbhhbh_b4]
"ooto,"
"[221.2.0.1],"
(aaaaaa1)
[dddrdddirir_d5]
ooor
[dhudrdBudhd_h7]
(orro)
[dTrTTTTTdrr_i8]
[Thunderbird_A5]
[AdbAdAAdddA_d4]
[rderriehrhh_e6]
[enrbnrburrr_u2]
"11.010.50.050,"
"10.100.28.250,"
[Thunderbird_C8]
[rdrTTdTTTdT_i8]
"ttot,"
"[021.2.0.0],"
[ubeerTdTrhr_e1]
[ddbAdAbdddA_d4]
5145]:
[heerhdhhhhr_i6]
[hhhhhhdhddh_h7]
(mnnnmn1)
"10.100.26.250,"
[hdehdueereh_h6]
[TTrTTrrTTTT_T4]
[ddiTTTTdTCT_d1]
[dudAbdddAuA_h4]
"<610101919190.vi1C1vAA061606@vvvviv0>,"
"02.012.21.182,"
"00.052.15.221,"
[dhburChrCCr_r6]
[TrhrbdrruTr_d7]
"000000,"
(ooro)
(badmin1)
(iaaami1)
[dhueheedehh_e6]
/oyr/oool.cooocy)
[TuuCnTTdddn_C2]
[nbrBenuener_r2]
[hhhhhhdbhDd_b7]
"25.522.22.022,"
[brbndrhiidr_u5]
[hbbhbbhbhhb_b4]
[dArAhAnTebr_r2]
"11.052.50.500,"
#7#@tottltlso
"4.0.0,"
"22.202.22.222,"
[Thunderbird_C2]
"<200511091901.jA9J1UvC004306@eadmin1>,"
"02.121.00.200,"
[dCCduCubdud_u5]
[ndrdrddddie_r8]
[reTTTrTdBTd_r4]
[TdTTrTTTiTr_r8]
[rdrernnirdD_r5]
1551]:
[Tbrhhhbhrhh_b4]
"<690915001002.id0i0vnA009000@jniCCU9>,"
1155]:
[hnudehhTTne_d1]
[dTTuTddehTu_u1]
[Thunderbird_C1]
[hBBBBhdBBdh_d7]
3383]:
[didrrdddidr_d5]
"00,"
[uuuudududdd_d3]
"929966,"
[AAAddAddddb_d4]
[CuCdTuudTTT_n2]
[ebrrrnrrnrb_n2]
/yoo/yoor.orcoyo)
[dbdhdhhhhhh_h7]
[CTTTdTdCTuu_n2]
"[221.0.0.1],"
"600209,"
"10.100.22.250,"
[AdeAAdhbbdd_u4]
Cj4U9UjJ610419:
[dnrAinerdAr_e8]
1482]:
[CrCrCrrrCCC_r6]
[711.7.7.1]
[dDiuddDebbn_u6]
[dAAreThbAAr_h2]
(rorr)
(mmmnnn1)
[Bdrehhrdrii_n6]
(rrro)
[dddiCdndCdC_n4]
8884]:
[ddrrdddnddd_n5]
8484]:
[Thunderbird_C4]
/yyr/oyyo.oocycy)
[ddridirdrdr_r5]
"01.616.16.006,"
"66.610.61.016,"
[dunreiAirbe_r8]
1831]:
[inrDbruieud_n5]
"969969,"
[771.1.7.1]
[dhhdihdiuuD_d8]
"659060,"
[euuduudddTT_r3]
[bdbdrbbbddb_b7]
3
[riuTrTdudbT_T8]
[uTTTTTdeudh_T1]
[ninnnniinnn_T8]
[Thunderbird_C6]
"01.612.62.610,"
[771.7.1.1]
[dbddbdddddd_d6]
[rdTbbrrTrbb_T7]
[nCCCCdCddCd_C4]
[uTuTuuururT_T1]
[TrrTTTTTrTr_T4]
[didTCTTTdCC_d1]
oooo
"20.001.10.502,"
[ruTrrTTrrTu_u1]
[uddhDhDihhD_D8]
#7#@tllltlssl
[reinuDerrnD_d5]
[rTurTTuTrue_d1]
/etc/cron.hourly)
"15.020.21.280,"
[CrCrChCrdCr_r6]
[TrrAAArrrrr_A2]
CU4U1jUU440161:
[dddTdiTddCi_T1]
"22.005.00.221,"
(eadmin1)
[ihbhDhdTbrh_D4]
"[010.1.1.2],"
[nnnnTnTnnni_i8]
[Thunderbird_D7]
(nnmnnn1)
1848]:
[Thunderbird_A3]
[Thunderbird_D8]
"10.616.61.616,"
[hddDhuuibeh_d8]
#7#@ososoostl
"[127.0.0.1],"
[BhhhdBdhhdd_d7]
[Thunderbird_B3]
[dndddnnrdni_r5]
#7#@localhost
[brdinnnnrnn_T8]
"10.100.18.250,"
[rrddduebuTb_u3]
"01,"
[idnidrnrddr_i5]
[bbhrbhbhhhh_r4]
[111.1.7.1]
[idAdriTiTie_i3]
[ndiCdrCnddn_d4]
[ururdCdCTdd_b5]
[rnerrebeeeu_n2]
[hhhheehhhhh_h6]
"15.015.05.011,"
[idrTenueAbT_i3]
[ddudCCudbdd_u5]
[eduddCTCbnr_u5]
[DrDDrDDrDri_r5]
[AArATreAAAr_r2]
[rDrDDriDnDn_r5]
[TTTrrTTrrTT_T4]
[CdCCdddndCC_d4]
[Thunderbird_C5]
[diiidrdeiTi_i3]
3833]:
00:
[Thunderbird_B6]
(minana1)
"10.100.24.250,"
[Thunderbird_B8]
[DbDdbddbddd_D6]
"51.001.00.110,"
(nmmndm1)
[CCCrrCdCrCC_r6]
root
[ubnneBeiebn_r2]
"ooot,"
"<610001900059.iA0i1niA021190@ACCvii0>,"
[hbhddbhDhde_D7]
[dhdhhddBhhd_d7]
[TTTeeuduhhh_T1]
[Thunderbird_B5]
"25.126.10.000,"
/oor/oyoc.yyyyoc)
"1,"
[127.0.0.1]
#7#@stslllsls
[dnrnunbirbi_d5]
[Thunderbird_D6]
"25.555.25.155,"
[heeuedhedeh_e6]
0)
"629060,"
"606900,"
[nCddCnCCCCd_n4]
[hhhhdueedhd_e6]
[dBdTiuhddhr_n7]
[Thunderbird_A2]
"22.222.20.222,"
"4.4.4,"
#7#@sslsssltl
"0.4.0,"
(nmnnnn1)
[Thunderbird_A4]
[Thunderbird_A6]
"50.025.10.150,"
/ooc/cley.cyolru)
[TuudddTuuTu_d3]
[Thunderbird_D5]
[dduuududTdu_T3]
5155]:
[107.1.0.7]
[redrdedrddn_e8]
"01.510.10.510,"
[bruirTuTunC_d8]
[Thunderbird_B7]
3813]:
[rbreThrBdbu_e1]
[dhdhhhhdhhd_d7]
[CTTnTTdTCuT_n2]
[Thunderbird_D4]
"root,"
"22.222.22.222,"
"22.000.01.222,"
jA9J1UvC004306:
"06.220.10.650,"
[CCCrrrCrrCr_r6]
[dTnieCibTTd_h1]
8333]:
"02.222.22.122,"
[eredndddnde_d8]
[hhhhhheheeh_h6]
"<111000066610.Ai6A6vvv961161@ivvvvv6>,"
[rrbrTdrbdrT_T7]
"0,"
"000060,"
[bCdberTrdud_d5]
Uj1C6CUj644110:
[ihhhdhDdhdh_h8]
"80.202.22.012,"
"999999,"
[drbbrdTbrbd_T7]
"<161165600109.Ai9A0niC090009@ivnAvv1>,"
[Thunderbird_A1]
"[120.2.1.2],"
8448]:
